model,feature,category,selection_mean_ic,selection_abs_ic,sign_multiplier
rank_signed_anti_crowded38,macro_tbl,macro,-0.1366042703034022,0.1366042703034022,-1
rank_signed_anti_crowded38,macro_ntis,macro,0.0873602333495381,0.0873602333495381,1
rank_signed_anti_crowded38,idiovol,risk_liquidity,-0.0813306049541194,0.0813306049541194,-1
rank_signed_anti_crowded38,baspread,risk_liquidity,-0.0787025757324581,0.0787025757324581,-1
rank_signed_anti_crowded38,retvol,risk_liquidity,-0.074307731028028,0.074307731028028,-1
rank_signed_anti_crowded38,mvel1,value,0.0661320211932756,0.0661320211932756,1
rank_signed_anti_crowded38,maxret,risk_liquidity,-0.0640541714988497,0.0640541714988497,-1
rank_signed_anti_crowded38,mom12m,momentum,0.0632801954594133,0.0632801954594133,1
rank_signed_anti_crowded38,ep,value,0.0576811250221905,0.0576811250221905,1
rank_signed_anti_crowded38,macro_tms,macro,0.0541398343307579,0.0541398343307579,1
rank_signed_anti_crowded38,roic,profitability_quality,0.047479986413749,0.047479986413749,1
rank_signed_anti_crowded38,cfp,value,0.0447828548373554,0.0447828548373554,1
rank_signed_anti_crowded38,operprof,profitability_quality,0.0447112837497772,0.0447112837497772,1
rank_signed_anti_crowded38,cashdebt,profitability_quality,0.0436674576386241,0.0436674576386241,1
rank_signed_anti_crowded38,dy,value,0.0428868474577524,0.0428868474577524,1
rank_signed_anti_crowded38,mom6m,momentum,0.0379157083163475,0.0379157083163475,1
rank_signed_anti_crowded38,age,intangibles_attention,0.0347261858574745,0.0347261858574745,1
rank_signed_anti_crowded38,cfp_ia,value,0.0337273796567646,0.0337273796567646,1
rank_signed_anti_crowded38,roavol,intangibles_attention,-0.033506089310905,0.033506089310905,-1
rank_signed_anti_crowded38,tb,accounting_balance,0.0328170866196533,0.0328170866196533,1
rank_signed_anti_crowded38,roeq,profitability_quality,0.0308094896012618,0.0308094896012618,1
rank_signed_anti_crowded38,ps,value,0.030373433920957,0.030373433920957,1
rank_signed_anti_crowded38,roaq,profitability_quality,0.0275249782188685,0.0275249782188685,1
rank_signed_anti_crowded38,mom36m,momentum,0.0263273728060259,0.0263273728060259,1
rank_signed_anti_crowded38,ms,intangibles_attention,0.0253082803793682,0.0253082803793682,1
rank_signed_anti_crowded38,lev,profitability_quality,0.0247087815906947,0.0247087815906947,1
rank_signed_anti_crowded38,herf,growth_operations,-0.0244080435489969,0.0244080435489969,-1
rank_signed_anti_crowded38,mve_ia,intangibles_attention,0.0238785680395352,0.0238785680395352,1
rank_signed_anti_crowded38,stdacc,accounting_balance,-0.0237316778999593,0.0237316778999593,-1
rank_signed_anti_crowded38,stdcf,accounting_balance,-0.0233349608356827,0.0233349608356827,-1
rank_signed_anti_crowded38,saleinv,growth_operations,0.0224394494545385,0.0224394494545385,1
rank_signed_anti_crowded38,absacc,accounting_balance,-0.0211937805209109,0.0211937805209109,-1
rank_signed_anti_crowded38,secured,accounting_balance,-0.0206755196189604,0.0206755196189604,-1
rank_signed_anti_crowded38,sp,intangibles_attention,0.0197236581391119,0.0197236581391119,1
rank_signed_anti_crowded38,indmom,momentum,0.018064802357499,0.018064802357499,1
rank_signed_anti_crowded38,mom1m,momentum,0.016839627575473,0.016839627575473,1
rank_signed_anti_crowded38,depr,accounting_balance,-0.0148560338716004,0.0148560338716004,-1
rank_signed_anti_crowded38,pchgm_pchsale,growth_operations,0.0131365115342491,0.0131365115342491,1
rank_signed_small_ic_blend46,macro_tbl,macro,-0.1366042703034022,0.1366042703034022,-1
rank_signed_small_ic_blend46,macro_ntis,macro,0.0873602333495381,0.0873602333495381,1
rank_signed_small_ic_blend46,idiovol,risk_liquidity,-0.0813306049541194,0.0813306049541194,-1
rank_signed_small_ic_blend46,baspread,risk_liquidity,-0.0787025757324581,0.0787025757324581,-1
rank_signed_small_ic_blend46,retvol,risk_liquidity,-0.074307731028028,0.074307731028028,-1
rank_signed_small_ic_blend46,mvel1,value,0.0661320211932756,0.0661320211932756,1
rank_signed_small_ic_blend46,maxret,risk_liquidity,-0.0640541714988497,0.0640541714988497,-1
rank_signed_small_ic_blend46,mom12m,momentum,0.0632801954594133,0.0632801954594133,1
rank_signed_small_ic_blend46,ep,value,0.0576811250221905,0.0576811250221905,1
rank_signed_small_ic_blend46,macro_tms,macro,0.0541398343307579,0.0541398343307579,1
rank_signed_small_ic_blend46,ill,risk_liquidity,-0.0509542550925916,0.0509542550925916,-1
rank_signed_small_ic_blend46,macro_ep,macro,-0.0478574901034794,0.0478574901034794,-1
rank_signed_small_ic_blend46,roic,profitability_quality,0.047479986413749,0.047479986413749,1
rank_signed_small_ic_blend46,cfp,value,0.0447828548373554,0.0447828548373554,1
rank_signed_small_ic_blend46,operprof,profitability_quality,0.0447112837497772,0.0447112837497772,1
rank_signed_small_ic_blend46,cashdebt,profitability_quality,0.0436674576386241,0.0436674576386241,1
rank_signed_small_ic_blend46,dy,value,0.0428868474577524,0.0428868474577524,1
rank_signed_small_ic_blend46,mom6m,momentum,0.0379157083163475,0.0379157083163475,1
rank_signed_small_ic_blend46,age,intangibles_attention,0.0347261858574745,0.0347261858574745,1
rank_signed_small_ic_blend46,cfp_ia,value,0.0337273796567646,0.0337273796567646,1
rank_signed_small_ic_blend46,roavol,intangibles_attention,-0.033506089310905,0.033506089310905,-1
rank_signed_small_ic_blend46,tb,accounting_balance,0.0328170866196533,0.0328170866196533,1
rank_signed_small_ic_blend46,roeq,profitability_quality,0.0308094896012618,0.0308094896012618,1
rank_signed_small_ic_blend46,roaq,profitability_quality,0.0275249782188685,0.0275249782188685,1
rank_signed_small_ic_blend46,mom36m,momentum,0.0263273728060259,0.0263273728060259,1
rank_signed_small_ic_blend46,ms,intangibles_attention,0.0253082803793682,0.0253082803793682,1
rank_signed_small_ic_blend46,herf,growth_operations,-0.0244080435489969,0.0244080435489969,-1
rank_signed_small_ic_blend46,mve_ia,intangibles_attention,0.0238785680395352,0.0238785680395352,1
rank_signed_small_ic_blend46,stdacc,accounting_balance,-0.0237316778999593,0.0237316778999593,-1
rank_signed_small_ic_blend46,stdcf,accounting_balance,-0.0233349608356827,0.0233349608356827,-1
rank_signed_small_ic_blend46,saleinv,growth_operations,0.0224394494545385,0.0224394494545385,1
rank_signed_small_ic_blend46,absacc,accounting_balance,-0.0211937805209109,0.0211937805209109,-1
rank_signed_small_ic_blend46,secured,accounting_balance,-0.0206755196189604,0.0206755196189604,-1
rank_signed_small_ic_blend46,sp,intangibles_attention,0.0197236581391119,0.0197236581391119,1
rank_signed_small_ic_blend46,indmom,momentum,0.018064802357499,0.018064802357499,1
rank_signed_small_ic_blend46,sic2_10,industry,-0.0142260372736356,0.0142260372736356,-1
rank_signed_small_ic_blend46,pchgm_pchsale,growth_operations,0.0131365115342491,0.0131365115342491,1
rank_signed_small_ic_blend46,egr,growth_operations,0.0119305654388339,0.0119305654388339,1
rank_signed_small_ic_blend46,sic2_63,industry,0.0117373958935345,0.0117373958935345,1
rank_signed_small_ic_blend46,sic2_15,industry,-0.0106451121668335,0.0106451121668335,-1
rank_signed_small_ic_blend46,sic2_65,industry,-0.0097496665200687,0.0097496665200687,-1
rank_signed_small_ic_blend46,sic2_67,industry,0.0097077954969725,0.0097077954969725,1
rank_signed_small_ic_blend46,sic2_49,industry,0.0096443910060947,0.0096443910060947,1
rank_signed_small_ic_blend46,sic2_73,industry,-0.0095818743624581,0.0095818743624581,-1
rank_signed_small_ic_blend46,sic2_78,industry,-0.0092542657061104,0.0092542657061104,-1
rank_signed_small_ic_blend46,pchquick,growth_operations,0.0085294980786185,0.0085294980786185,1
